{
  "id": "2552591",
  "name": "rjwm",
  "font_family": "iconfont",
  "css_prefix_text": "icon-",
  "description": "",
  "glyphs": [
    {
      "icon_id": "21641541",
      "name": "category",
      "font_class": "category",
      "unicode": "e606",
      "unicode_decimal": 58886
    },
    {
      "icon_id": "21641542",
      "name": "member",
      "font_class": "member",
      "unicode": "e607",
      "unicode_decimal": 58887
    },
    {
      "icon_id": "21641545",
      "name": "user",
      "font_class": "user",
      "unicode": "e608",
      "unicode_decimal": 58888
    },
    {
      "icon_id": "21641546",
      "name": "order",
      "font_class": "order",
      "unicode": "e609",
      "unicode_decimal": 58889
    },
    {
      "icon_id": "21641547",
      "name": "combo",
      "font_class": "combo",
      "unicode": "e60a",
      "unicode_decimal": 58890
    },
    {
      "icon_id": "21641548",
      "name": "lock",
      "font_class": "lock",
      "unicode": "e60b",
      "unicode_decimal": 58891
    },
    {
      "icon_id": "21641611",
      "name": "food",
      "font_class": "food",
      "unicode": "e60c",
      "unicode_decimal": 58892
    }
  ]
}
